﻿S. No,Title,Team Member Name,Module 1,Module 2,Module 3,Module 4,Module 5,Module 6,Module 7,Module 8,Module 9,Module 10,Module 11,Module 12,Module 13,Demo Video,Remarks,Email Dummy
,,,Oct-1,Oct-2,Oct-4,Oct-6,Oct-8,Oct-9,Oct-11,Oct-12,Oct-13,Oct-14,Oct-15,Oct-17,Oct-18,Oct-20,,
1,RPA based fee realization and Management System,Umar Saleem,N,N,N,N,N,N,N,N,N,N,N,N,N,N,,vastvik.97-cse-17@mietjammu.in
2,,Jaskaran Singh,Y,Y,Y,Y,Y,Y,Y,Y,N,N,N,N,N,,,vastvik.97-cse-17@mietjammu.in
3,,Abeek Singh,N,N,N,N,N,N,N,N,N,N,N,N,N,,,vastvik.97-cse-17@mietjammu.in
4,,Danish Kumar,Y,Y,Y,Y,N,N,N,N,N,N,N,N,N,,,vastvik.97-cse-17@mietjammu.in
5,,Rahul Arya,N,N,N,N,N,N,N,N,N,N,N,N,N,,,vastvik.97-cse-17@mietjammu.in
6,Environment Scanning Using RPA,Sameep Sharma,Y,Y,Y,Y,Y,Y,Y,Y,Y,N,N,N,N,N,,vastvik.97-cse-17@mietjammu.in
7,,Poonam Sharma,Y,N,N,N,N,N,N,N,N,N,N,N,N,,,vastvik.97-cse-17@mietjammu.in
8,,Shubam Salaria,Y,Y,Y,Y,Y,N,N,N,N,N,N,N,N,,,vastvik.97-cse-17@mietjammu.in
9,,Yuvraj Jamwal,Y,Y,Y,Y,Y,Y,Y,Y,Y,Y,N,N,N,,,vastvik.97-cse-17@mietjammu.in
10,,Nitin Sharma,Y,Y,N,N,N,N,N,N,N,N,N,N,N,,,vastvik.97-cse-17@mietjammu.in
11,JKEDU,Sudhanshu Koul,Y,Y,Y,Y,Y,Y,Y,Y,Y,Y,Y,Y,N,N,,vastvik.97-cse-17@mietjammu.in
12,RPA Based Faculty Assistant,Raghav Gupta,Y,Y,Y,Y,Y,Y,Y,Y,Y,Y,Y,Y,N,N,,vastvik.97-cse-17@mietjammu.in
13,,Umang Bhan,Y,Y,Y,Y,Y,Y,Y,Y,Y,Y,Y,Y,N,,,vastvik.97-cse-17@mietjammu.in
14,,Vastvik Upadhiya,Y,Y,Y,Y,Y,Y,Y,Y,Y,Y,Y,Y,N,,,vastvik.97-cse-17@mietjammu.in
15,,Samarkant Bhasin,Y,Y,Y,Y,Y,Y,Y,Y,Y,Y,Y,Y,N,,,vastvik.97-cse-17@mietjammu.in
16,,Sahil Singh,Y,Y,Y,Y,Y,Y,Y,Y,Y,Y,N,N,N,,,vastvik.97-cse-17@mietjammu.in
17,Gnosis using RPA,Anmol Bhat,Y,Y,Y,Y,Y,Y,N,N,N,N,N,N,N,N,,vastvik.97-cse-17@mietjammu.in
18,,Avish Bhat,Y,Y,Y,Y,Y,Y,Y,N,N,N,N,N,N,,,vastvik.97-cse-17@mietjammu.in
19,,Megha Moza,N,N,N,N,N,N,N,N,N,N,N,N,N,,,vastvik.97-cse-17@mietjammu.in
20,,Gunpreet Singh,Y,Y,Y,Y,Y,Y,N,N,N,N,N,N,N,,,vastvik.97-cse-17@mietjammu.in
21,,Harish Gupta,N,N,N,N,N,N,N,N,N,N,N,N,N,,,vastvik.97-cse-17@mietjammu.in
22,Certificate generation using RPA,Rithik Pandita,Y,Y,Y,Y,Y,Y,Y,Y,Y,Y,Y,Y,Y,N,,vastvik.97-cse-17@mietjammu.in
23,,Nishant Saini,N,N,N,N,N,N,N,N,N,N,N,N,N,,,vastvik.97-cse-17@mietjammu.in
24,,Akash Gupta,N,N,N,N,N,N,N,N,N,N,N,N,N,,,vastvik.97-cse-17@mietjammu.in
25,,Kanav Mahajan,Y,Y,Y,Y,Y,Y,Y,Y,Y,Y,Y,Y,N,,,sahil.66-cse-17@mietjammu.in
26,,Sachin,N,N,N,N,N,N,N,N,N,N,N,N,N,,,sahil.66-cse-17@mietjammu.in
27,RPA BASED MOOC Recommender System,Absar Qureshi,Y,N,N,N,N,N,N,N,N,N,N,N,N,N,,sahil.66-cse-17@mietjammu.in
28,,Mohit Anjural,Y,Y,Y,Y,Y,Y,Y,Y,Y,Y,Y,Y,Y,,,sahil.66-cse-17@mietjammu.in
29,,Faizal Farooq,Y,Y,Y,Y,Y,Y,Y,Y,N,N,N,N,N,,,sahil.66-cse-17@mietjammu.in
30,,Vidhushi Pandita,Y,Y,Y,Y,Y,Y,Y,Y,Y,Y,Y,Y,N,,,sahil.66-cse-17@mietjammu.in
31,,Humaira jan,Y,Y,Y,Y,Y,Y,Y,Y,Y,Y,Y,Y,Y,,,sahil.66-cse-17@mietjammu.in
32,Stakeholder communication using RPA,Priya Rajput,Y,Y,N,N,N,N,N,N,N,N,N,N,N,N,,sahil.66-cse-17@mietjammu.in
33,,Bhavna Katoch,Y,Y,N,N,N,N,N,N,N,N,N,N,N,,,sahil.66-cse-17@mietjammu.in
34,,Navni Khajuria,Y,Y,Y,Y,Y,Y,Y,Y,Y,N,N,N,N,,,sahil.66-cse-17@mietjammu.in
35,,Shivam sharma,Y,Y,Y,Y,Y,Y,Y,Y,Y,N,N,N,N,,,sahil.66-cse-17@mietjammu.in
36,,Rohit Singh,Y,Y,N,N,N,N,N,N,N,N,N,N,N,,,sahil.66-cse-17@mietjammu.in
37," Reminders for feedback collection and faculty appraisal management using RPA",Aaqib Rehman,Y,N,N,N,N,N,N,N,N,N,N,N,N,N,,sahil.66-cse-17@mietjammu.in
38,,Fazan Tanveer,Y,Y,N,N,N,N,N,N,N,N,N,N,N,,,sahil.66-cse-17@mietjammu.in
39,,Tanveer Hamid,Y,N,N,N,N,N,N,N,N,N,N,N,N,,,sahil.66-cse-17@mietjammu.in
40,,Rashi Bhat,Y,Y,Y,Y,Y,Y,Y,Y,Y,N,N,N,N,,,sahil.66-cse-17@mietjammu.in
41,,Davood Iqbal,Y,N,N,N,N,N,N,N,N,N,N,N,N,,,sahil.66-cse-17@mietjammu.in
42,Travel Plan Recommendation System Using RPA,"Bhanu Pratap ",N,N,N,N,N,N,N,N,N,N,N,N,N,N,,sahil.66-cse-17@mietjammu.in
43,,Prabhat Raj,Y,Y,Y,Y,Y,Y,Y,Y,Y,Y,N,N,N,,,sahil.66-cse-17@mietjammu.in
44,,Akshay Kumar,N,N,N,N,N,N,N,N,N,N,N,N,N,,,sahil.66-cse-17@mietjammu.in
Completed Count,,,34,29,24,24,23,22,20,19,17,13,10,10,3,0,,
Not Completed Count,,,10,15,20,20,21,22,24,25,27,31,34,34,41,10,,
Completed (%),,,22.8,19.5,16.1,16.1,15.4,14.8,13.4,12.8,11.4,8.7,6.7,6.7,2,0,,
RPA Developer Foundation Learning Path (Link),,,,,,,,,,,,,,,,,,
